1000,1000,1000,0,0,0
1074.03,619.828,307.06,0,0,1.05841
1074.03,619.828,307.06,0,0,1.05841
1539.12,362.868,618.936,0,0,0.258407
1539.12,362.868,618.936,0,0,0.258407
1456,509.081,850.236,0,0,-2.74159
1456,509.081,850.236,0,0,-2.74159
1418.07,605.539,1037.36,0,0,-1.94159
1418.07,605.539,1037.36,0,0,-1.94159
1615.18,580.716,1237.79,0,0,3.05841
1615.18,580.716,1237.79,0,0,3.05841
1928.98,550.808,1352.55,0,0,-1.34159
1928.98,550.808,1352.55,0,0,-1.34159
1701.93,369.908,1307.17,0,0,0.658407
1701.93,369.908,1307.17,0,0,0.658407
1045.76,138.222,1216.82,0,0,-2.34159
1045.76,138.222,1216.82,0,0,-2.34159
774.312,158.896,1289.41,0,0,-1.34159
774.312,158.896,1289.41,0,0,-1.34159
644.531,-18.4716,1196.82,0,0,-1.14159
644.531,-18.4716,1196.82,0,0,-1.14159
793.474,-115.022,1363.31,0,0,2.65841
793.474,-115.022,1363.31,0,0,2.65841
706.848,147.295,1474.65,0,0,-1.94159
706.848,147.295,1474.65,0,0,-1.94159
671.136,333.357,1598.35,0,0,-2.34159
671.136,333.357,1598.35,0,0,-2.34159
658.629,463.225,1738.94,0,0,0.658407
658.629,463.225,1738.94,0,0,0.658407
642.343,531.616,1833.54,0,0,-0.141593
642.343,531.616,1833.54,0,0,-0.141593
532.664,464.272,1784.63,0,0,1.65841
532.664,464.272,1784.63,0,0,1.65841
421.8,408.284,1754.93,0,0,2.25841
421.8,408.284,1754.93,0,0,2.25841
357.914,326.247,1672.02,0,0,0.658407
357.914,326.247,1672.02,0,0,0.658407
253.85,470.95,1639.36,0,0,-2.74159
253.85,470.95,1639.36,0,0,-2.74159
200.378,516.409,1637.75,0,0,-0.541593
200.378,516.409,1637.75,0,0,-0.541593
156.378,537.231,1661.62,0,0,-0.541593
156.378,537.231,1661.62,0,0,-0.541593
121.69,562.201,1698.05,0,0,-1.54159
121.69,562.201,1698.05,0,0,-1.54159
255.524,666.274,1657.59,0,0,-2.54159
255.524,666.274,1657.59,0,0,-2.54159
-31.1227,765.656,1634.41,0,0,-0.941593
-31.1227,765.656,1634.41,0,0,-0.941593
-153.599,954.502,1590.78,0,0,0.0584073
-153.599,954.502,1590.78,0,0,0.0584073
-163.521,1050.27,1590.98,0,0,1.85841
-163.521,1050.27,1590.98,0,0,1.85841
-75.8857,1047.43,1628.52,0,0,1.65841
-75.8857,1047.43,1628.52,0,0,1.65841
199.033,876.1,1750.96,0,0,1.25841
199.033,876.1,1750.96,0,0,1.25841
315.149,803.779,1806.8,0,0,2.45841
315.149,803.779,1806.8,0,0,2.45841
425.451,758.933,1876.88,0,0,-2.94159
425.451,758.933,1876.88,0,0,-2.94159
516.723,840.147,1872.78,0,0,2.85841
516.723,840.147,1872.78,0,0,2.85841
561.068,911.27,1867.88,0,0,-2.14159
561.068,911.27,1867.88,0,0,-2.14159
605.609,976.257,1870.36,0,0,2.05841
605.609,976.257,1870.36,0,0,2.05841
645.977,1040.23,1880.48,0,0,-2.14159
645.977,1040.23,1880.48,0,0,-2.14159
674.922,1110.34,1896.77,0,0,1.65841
674.922,1110.34,1896.77,0,0,1.65841
687.326,1193.73,1918.84,0,0,0.458407
687.326,1193.73,1918.84,0,0,0.458407
682.991,1294.37,1948.03,0,0,-1.74159
682.991,1294.37,1948.03,0,0,-1.74159
665.871,1411.96,1984.92,0,0,2.85841
665.871,1411.96,1984.92,0,0,2.85841
635.321,1540.33,2031.4,0,0,0.658407
635.321,1540.33,2031.4,0,0,0.658407
662.733,1726,2039.7,0,0,-1.14159
662.733,1726,2039.7,0,0,-1.14159
446.059,1731.96,2104.59,0,0,0.458407
446.059,1731.96,2104.59,0,0,0.458407
410.375,1762.12,2181.95,0,0,3.14159
410.375,1762.12,2181.95,0,0,3.14159
363.617,1912.95,2282.79,0,0,-2.34159
363.617,1912.95,2282.79,0,0,-2.34159
286.232,2034.98,2361.88,0,0,-2.54159
286.232,2034.98,2361.88,0,0,-2.54159
216.845,2150.11,2426.4,0,0,-2.14159
216.845,2150.11,2426.4,0,0,-2.14159
149.112,2261.85,2482.49,0,0,-1.34159
149.112,2261.85,2482.49,0,0,-1.34159
76.2448,2375.04,2541.58,0,0,-1.74159
76.2448,2375.04,2541.58,0,0,-1.74159
-3.19921,2492.43,2602.9,0,0,-2.74159
-3.19921,2492.43,2602.9,0,0,-2.74159
-88.4906,2616.8,2663.89,0,0,-2.54159
-88.4906,2616.8,2663.89,0,0,-2.54159
-174.679,2750.17,2719.53,0,0,-2.34159
-174.679,2750.17,2719.53,0,0,-2.34159
-253.149,2891.79,2763.88,0,0,0.0584073
-253.149,2891.79,2763.88,0,0,0.0584073
-331.149,3093.05,2793.67,0,0,3.14159
-331.149,3093.05,2793.67,0,0,3.14159
-391.889,3292.46,2811.08,0,0,0.0584073
-391.889,3292.46,2811.08,0,0,0.0584073
-573.868,3244.2,2964.13,0,0,-1.54159
-573.868,3244.2,2964.13,0,0,-1.54159
-741.348,3194.18,3108.98,0,0,-1.94159
-741.348,3194.18,3108.98,0,0,-1.94159
-894.868,3149.39,3245.67,0,0,-1.94159
-894.868,3149.39,3245.67,0,0,-1.94159
-1036.91,3111.95,3376.71,0,0,0.258407
-1036.91,3111.95,3376.71,0,0,0.258407
-1169.27,3083.61,3502.37,0,0,1.45841
-1169.27,3083.61,3502.37,0,0,1.45841
-1193.46,2899.89,3523.16,0,0,-2.94159
-1193.46,2899.89,3523.16,0,0,-2.94159
-1186.86,2769.66,3451.19,0,0,2.25841
-1186.86,2769.66,3451.19,0,0,2.25841
-1188.54,2636.65,3377.89,0,0,1.45841
-1188.54,2636.65,3377.89,0,0,1.45841
-1202.15,2501.32,3304.51,0,0,1.45841
-1202.15,2501.32,3304.51,0,0,1.45841
-1222.83,2368.18,3394.22,0,0,0.258407
-1222.83,2368.18,3394.22,0,0,0.258407
-1281.29,2238.93,3489.71,0,0,3.05841
-1281.29,2238.93,3489.71,0,0,3.05841
-1383.44,2108.06,3584.12,0,0,2.85841
-1383.44,2108.06,3584.12,0,0,2.85841
-1520.71,1966.41,3661.64,0,0,-1.14159
-1520.71,1966.41,3661.64,0,0,-1.14159
-1666.59,1813.07,3704.89,0,0,0.858407
-1666.59,1813.07,3704.89,0,0,0.858407
-1796.06,1655.53,3716.25,0,0,1.05841
-1796.06,1655.53,3716.25,0,0,1.05841
-1912.77,1436.25,3605.3,0,0,2.45841
-1912.77,1436.25,3605.3,0,0,2.45841
-2005.51,1227.26,3411.6,0,0,0.0584073
-2005.51,1227.26,3411.6,0,0,0.0584073
-1569.17,1069.23,3209.94,0,0,2.65841
-1569.17,1069.23,3209.94,0,0,2.65841
-1361.5,895.743,2968.56,0,0,1.65841
-1361.5,895.743,2968.56,0,0,1.65841
-1522.62,643.635,2864.31,0,0,-1.34159
-1522.62,643.635,2864.31,0,0,-1.34159
-1871.56,419.185,2867.46,0,0,0.658407
-1871.56,419.185,2867.46,0,0,0.658407
-2017.21,250.018,2904.17,0,0,-1.14159
-2017.21,250.018,2904.17,0,0,-1.14159
-1883.31,87.8167,2843.25,0,0,2.25841
-1883.31,87.8167,2843.25,0,0,2.25841
-1721.31,-72.221,2722.39,0,0,-1.94159
-1721.31,-72.221,2722.39,0,0,-1.94159
-1531.42,-225.847,2606.34,0,0,0.458407
-1531.42,-225.847,2606.34,0,0,0.458407
-1394.93,-191.612,2523.54,0,0,-1.74159
-1394.93,-191.612,2523.54,0,0,-1.74159
-1652.84,-322.111,2406.2,0,0,-0.541593
-1652.84,-322.111,2406.2,0,0,-0.541593
-1726.8,-391.168,2345.35,0,0,-0.541593
-1726.8,-391.168,2345.35,0,0,-0.541593
-1795.26,-473.986,2320.4,0,0,-1.14159
-1795.26,-473.986,2320.4,0,0,-1.14159
-1957,-509.136,2300.82,0,0,1.05841
-1957,-509.136,2300.82,0,0,1.05841
-1839.16,-674.564,2308.32,0,0,-2.74159
-1839.16,-674.564,2308.32,0,0,-2.74159
-1791.96,-789.466,2306.04,0,0,-2.74159
-1791.96,-789.466,2306.04,0,0,-2.74159
-1713.42,-903.553,2342.45,0,0,1.85841
-1713.42,-903.553,2342.45,0,0,1.85841
-1626.59,-1025.18,2391.34,0,0,2.25841
-1626.59,-1025.18,2391.34,0,0,2.25841
-1634.32,-1176.82,2554.33,0,0,-2.34159
-1634.32,-1176.82,2554.33,0,0,-2.34159
-1642.35,-1206.92,2469.72,0,0,0.458407
-1642.35,-1206.92,2469.72,0,0,0.458407
-1739.84,-1259.85,2492.24,0,0,-1.74159
-1739.84,-1259.85,2492.24,0,0,-1.74159
-1833.64,-1306.34,2519.34,0,0,1.65841
-1833.64,-1306.34,2519.34,0,0,1.65841
-1916.66,-1351.76,2538.31,0,0,1.65841
-1916.66,-1351.76,2538.31,0,0,1.65841
-1872.74,-1443.97,2639.4,0,0,2.85841
-1872.74,-1443.97,2639.4,0,0,2.85841
-1813.25,-1542.7,2719.54,0,0,3.14159
-1813.25,-1542.7,2719.54,0,0,3.14159
-1815.9,-1571.1,2702.97,0,0,0.258407
-1815.9,-1571.1,2702.97,0,0,0.258407
-1835.96,-1662.15,2708.98,0,0,2.05841
-1835.96,-1662.15,2708.98,0,0,2.05841
-1880.91,-1755.84,2759.64,0,0,1.65841
-1880.91,-1755.84,2759.64,0,0,1.65841
-1964.26,-1864.79,2857.92,0,0,2.85841
-1964.26,-1864.79,2857.92,0,0,2.85841
-2022.82,-1983.24,2983.36,0,0,2.05841
-2022.82,-1983.24,2983.36,0,0,2.05841
-2539.3,-2204.52,2778.62,0,0,-1.54159
-2539.3,-2204.52,2778.62,0,0,-1.54159
-2104.46,-2175.44,2650.92,0,0,2.45841
-2104.46,-2175.44,2650.92,0,0,2.45841
-2031.96,-2243.87,2621.97,0,0,1.25841
-2031.96,-2243.87,2621.97,0,0,1.25841
-1992.86,-2325.66,2625.28,0,0,2.25841
-1992.86,-2325.66,2625.28,0,0,2.25841
-1993.31,-2419,2630.08,0,0,0.0584073
-1993.31,-2419,2630.08,0,0,0.0584073
-1999.86,-2506.01,2621.07,0,0,3.05841
-1999.86,-2506.01,2621.07,0,0,3.05841
-1987.04,-2591.07,2570.59,0,0,-0.341593
-1987.04,-2591.07,2570.59,0,0,-0.341593
-1918.72,-2662.27,2483.89,0,0,-0.141593
-1918.72,-2662.27,2483.89,0,0,-0.141593
-1582.71,-2777.99,2398.77,0,0,2.65841
-1582.71,-2777.99,2398.77,0,0,2.65841
-1290.19,-2944.76,2309.57,0,0,1.45841
-1290.19,-2944.76,2309.57,0,0,1.45841
-1482.83,-3101.7,2343.42,0,0,2.25841
-1482.83,-3101.7,2343.42,0,0,2.25841
-1703.84,-3235.47,2349.08,0,0,0.0584073
-1703.84,-3235.47,2349.08,0,0,0.0584073
-1949.42,-3331.97,2328.94,0,0,0.0584073
-1949.42,-3331.97,2328.94,0,0,0.0584073
-2203.5,-3382.9,2268.9,0,0,1.85841
-2203.5,-3382.9,2268.9,0,0,1.85841
-2593.01,-3447.61,2179.67,0,0,1.85841
-2593.01,-3447.61,2179.67,0,0,1.85841
-2310.78,-3346.81,2484.01,0,0,1.25841
-2310.78,-3346.81,2484.01,0,0,1.25841
-2017.88,-3042.64,2726.41,0,0,2.85841
-2017.88,-3042.64,2726.41,0,0,2.85841
-1915.41,-3272.26,2979.93,0,0,-1.74159
-1915.41,-3272.26,2979.93,0,0,-1.74159
-2012.35,-3186.57,2923.49,0,0,-2.94159
-2012.35,-3186.57,2923.49,0,0,-2.94159
-2115.29,-3127.67,2935.43,0,0,-2.74159
-2115.29,-3127.67,2935.43,0,0,-2.74159
-2218.89,-3088.9,2943.18,0,0,-1.34159
-2218.89,-3088.9,2943.18,0,0,-1.34159
-2277.48,-3073.65,2961.82,0,0,-2.74159
-2277.48,-3073.65,2961.82,0,0,-2.74159
-2336.61,-3061.1,2981.96,0,0,-1.54159
-2336.61,-3061.1,2981.96,0,0,-1.54159
-2393.91,-3045.07,3003.15,0,0,3.14159
-2393.91,-3045.07,3003.15,0,0,3.14159
-2467.09,-3012.7,3027.44,0,0,-0.341593
-2467.09,-3012.7,3027.44,0,0,-0.341593
-2534.19,-2976.95,3054.45,0,0,1.65841
-2534.19,-2976.95,3054.45,0,0,1.65841
-2594.88,-2940.19,3086.19,0,0,-0.541593
-2594.88,-2940.19,3086.19,0,0,-0.541593
-2651.48,-2903.31,3122.81,0,0,-0.941593
-2651.48,-2903.31,3122.81,0,0,-0.941593
-2651.67,-2899.99,3168.06,0,0,-2.34159
-2651.67,-2899.99,3168.06,0,0,-2.34159
-2654.46,-2891.84,3212.96,0,0,3.14159
-2654.46,-2891.84,3212.96,0,0,3.14159
-2661.02,-2876.14,3255.39,0,0,-1.54159
-2661.02,-2876.14,3255.39,0,0,-1.54159
-2620.99,-2811.6,3340.98,0,0,3.05841
-2620.99,-2811.6,3340.98,0,0,3.05841
-2582.57,-2735.49,3424,0,0,3.14159
-2582.57,-2735.49,3424,0,0,3.14159
-2545.81,-2643.5,3501.85,0,0,-2.54159
-2545.81,-2643.5,3501.85,0,0,-2.54159
-2513.25,-2531.19,3568.53,0,0,2.85841
-2513.25,-2531.19,3568.53,0,0,2.85841
-2527.59,-2418.87,3608.19,0,0,3.14159
-2527.59,-2418.87,3608.19,0,0,3.14159
-2537.05,-2281.1,3632.01,0,0,3.14159
-2537.05,-2281.1,3632.01,0,0,3.14159
-2534.48,-2128.13,3643.53,0,0,3.14159
-2534.48,-2128.13,3643.53,0,0,3.14159
-2862.55,-2079.07,3201.16,0,0,0.658407
-2862.55,-2079.07,3201.16,0,0,0.658407
-2859.77,-2407.47,3558.63,0,0,2.45841
-2859.77,-2407.47,3558.63,0,0,2.45841
-2919.48,-2528.56,3614.16,0,0,-2.74159
-2919.48,-2528.56,3614.16,0,0,-2.74159
-2943.04,-2629.51,3664.6,0,0,-2.94159
-2943.04,-2629.51,3664.6,0,0,-2.94159
-2945.55,-2718.61,3707.19,0,0,1.65841
-2945.55,-2718.61,3707.19,0,0,1.65841
-2937.88,-2798.87,3743.4,0,0,2.25841
-2937.88,-2798.87,3743.4,0,0,2.25841
-2924.41,-2881.73,3770.38,0,0,2.25841
-2924.41,-2881.73,3770.38,0,0,2.25841
-2915.06,-2948.99,3801.33,0,0,1.25841
-2915.06,-2948.99,3801.33,0,0,1.25841
-2898.9,-3010.32,3835.1,0,0,2.65841
-2898.9,-3010.32,3835.1,0,0,2.65841
-2909.43,-3039.14,3824.77,0,0,1.65841
-2909.43,-3039.14,3824.77,0,0,1.65841
-2904.95,-3072.32,3809.08,0,0,3.05841
-2904.95,-3072.32,3809.08,0,0,3.05841
-2866,-3179.61,3793.95,0,0,2.45841
-2866,-3179.61,3793.95,0,0,2.45841
-2814.89,-3281.55,3776.96,0,0,-2.74159
-2814.89,-3281.55,3776.96,0,0,-2.74159
-2809.58,-3346,3710.87,0,0,-2.94159
-2809.58,-3346,3710.87,0,0,-2.94159
-2794.21,-3409.57,3636.7,0,0,-2.94159
-2794.21,-3409.57,3636.7,0,0,-2.94159
-2766.74,-3477.7,3553.78,0,0,-2.14159
-2766.74,-3477.7,3553.78,0,0,-2.14159
-2726.74,-3538.86,3451.65,0,0,-2.14159
-2726.74,-3538.86,3451.65,0,0,-2.14159
-2664.78,-3621.13,3350.83,0,0,0.458407
-2664.78,-3621.13,3350.83,0,0,0.458407
-2548.87,-3665.19,3327.79,0,0,3.14159
-2548.87,-3665.19,3327.79,0,0,3.14159
-2425.42,-3747,3320.59,0,0,0.858407
-2425.42,-3747,3320.59,0,0,0.858407
-2314.46,-3828.46,3317.15,0,0,3.14159
-2314.46,-3828.46,3317.15,0,0,3.14159
-2255.26,-3874.4,3309.85,0,0,3.05841
-2255.26,-3874.4,3309.85,0,0,3.05841
-2195.46,-3904.67,3318.05,0,0,3.05841
-2195.46,-3904.67,3318.05,0,0,3.05841
-2106.02,-3905.2,3331.71,0,0,-2.94159
-2106.02,-3905.2,3331.71,0,0,-2.94159
-1995.09,-3887.39,3336.99,0,0,-2.94159
-1995.09,-3887.39,3336.99,0,0,-2.94159
-1860.67,-3861.66,3329.6,0,0,-1.74159
-1860.67,-3861.66,3329.6,0,0,-1.74159
-1846.6,-3832.93,3248.12,0,0,0.658407
-1846.6,-3832.93,3248.12,0,0,0.658407
-1788.72,-3724.69,3237.56,0,0,-1.94159
-1788.72,-3724.69,3237.56,0,0,-1.94159
-1720.15,-3660.16,3223.44,0,0,-1.34159
-1720.15,-3660.16,3223.44,0,0,-1.34159
-1916.26,-3941.96,3124.77,0,0,0.458407
-1916.26,-3941.96,3124.77,0,0,0.458407
-1712.18,-3998.34,3061.31,0,0,1.85841
-1712.18,-3998.34,3061.31,0,0,1.85841
-1661.17,-4292.11,3036.5,0,0,0.858407
-1661.17,-4292.11,3036.5,0,0,0.858407
-1949.16,-4374.27,3013.32,0,0,-0.141593
-1949.16,-4374.27,3013.32,0,0,-0.141593
-2073.47,-4452.53,3147.27,0,0,0.658407
-2073.47,-4452.53,3147.27,0,0,0.658407
-2183.09,-4594.63,3238.61,0,0,0.258407
-2183.09,-4594.63,3238.61,0,0,0.258407
-2336.44,-4562.94,3295.45,0,0,-0.141593
-2336.44,-4562.94,3295.45,0,0,-0.141593
-2366.59,-4507.96,3509.67,0,0,-1.94159
-2366.59,-4507.96,3509.67,0,0,-1.94159
-2373.21,-4475.47,3705.66,0,0,-2.34159
-2373.21,-4475.47,3705.66,0,0,-2.34159
-2288.79,-4458.47,3955.33,0,0,-0.941593
-2288.79,-4458.47,3955.33,0,0,-0.941593
-2586.52,-4278.23,4015.15,0,0,0.858407
-2586.52,-4278.23,4015.15,0,0,0.858407
-2872.69,-4079.23,4055.09,0,0,-2.54159
-2872.69,-4079.23,4055.09,0,0,-2.54159
-2975.81,-4044.72,4151.64,0,0,-2.54159
-2975.81,-4044.72,4151.64,0,0,-2.54159
-3057.1,-4019.72,4230.83,0,0,-1.74159
-3057.1,-4019.72,4230.83,0,0,-1.74159
-3124.58,-4016.4,4308.73,0,0,2.45841
-3124.58,-4016.4,4308.73,0,0,2.45841
-3179.89,-4037.5,4390.97,0,0,1.85841
-3179.89,-4037.5,4390.97,0,0,1.85841
-3261.9,-4088.5,4481.14,0,0,-1.54159
-3261.9,-4088.5,4481.14,0,0,-1.54159
-3346.71,-4127.67,4578.1,0,0,2.25841
-3346.71,-4127.67,4578.1,0,0,2.25841
-3438.95,-4157.24,4685.63,0,0,1.85841
-3438.95,-4157.24,4685.63,0,0,1.85841
-3535.16,-4190.05,4806.22,0,0,2.45841
-3535.16,-4190.05,4806.22,0,0,2.45841
-3635.92,-4243.91,4950.97,0,0,2.85841
-3635.92,-4243.91,4950.97,0,0,2.85841
-3747.99,-4334.9,5137.54,0,0,2.85841
-3747.99,-4334.9,5137.54,0,0,2.85841
-3859.42,-4342.92,5302.69,0,0,-2.34159
-3859.42,-4342.92,5302.69,0,0,-2.34159
-3948.01,-4228.81,5426.65,0,0,-2.94159
-3948.01,-4228.81,5426.65,0,0,-2.94159
-4020.29,-3895.79,5373.22,0,0,-1.74159
-4020.29,-3895.79,5373.22,0,0,-1.74159
-4060.95,-3591.27,5319.62,0,0,-2.34159
-4060.95,-3591.27,5319.62,0,0,-2.34159
-4083.44,-3359.07,5279.39,0,0,-2.14159
-4083.44,-3359.07,5279.39,0,0,-2.14159
-4096.27,-3238.32,5291.6,0,0,-1.14159
-4096.27,-3238.32,5291.6,0,0,-1.14159
-4060.54,-3107.27,5319,0,0,-2.74159
-4060.54,-3107.27,5319,0,0,-2.74159
-4017.85,-2983.1,5357.46,0,0,-0.941593
-4017.85,-2983.1,5357.46,0,0,-0.941593
-4110.62,-3000.96,5397.83,0,0,2.65841
-4110.62,-3000.96,5397.83,0,0,2.65841
-4194.88,-3031.96,5443.28,0,0,-1.74159
-4194.88,-3031.96,5443.28,0,0,-1.74159
-4270.87,-3094.03,5494.43,0,0,3.05841
-4270.87,-3094.03,5494.43,0,0,3.05841
-4353.17,-3178.7,5574.36,0,0,1.25841
-4353.17,-3178.7,5574.36,0,0,1.25841
-4441.51,-3269.49,5661.41,0,0,2.65841
-4441.51,-3269.49,5661.41,0,0,2.65841
-4555.25,-3507.08,5789.74,0,0,3.05841
-4555.25,-3507.08,5789.74,0,0,3.05841
-4565.55,-3229.1,5779.42,0,0,3.14159
-4565.55,-3229.1,5779.42,0,0,3.14159
-4576.43,-3071.05,5780.89,0,0,-1.54159
-4576.43,-3071.05,5780.89,0,0,-1.54159
-4561.04,-2883.32,5748.94,0,0,-2.94159
-4561.04,-2883.32,5748.94,0,0,-2.94159
-4527.58,-2718.95,5700.08,0,0,2.85841
-4527.58,-2718.95,5700.08,0,0,2.85841
-4482.21,-2573.61,5644.82,0,0,3.14159
-4482.21,-2573.61,5644.82,0,0,3.14159
-4430.28,-2441.71,5594.41,0,0,-2.34159
-4430.28,-2441.71,5594.41,0,0,-2.34159
-4375.17,-2318.69,5558.63,0,0,-2.94159
-4375.17,-2318.69,5558.63,0,0,-2.94159
-4317.91,-2202.03,5543.07,0,0,3.05841
-4317.91,-2202.03,5543.07,0,0,3.05841
-4273.44,-2090.91,5562.62,0,0,-2.54159
-4273.44,-2090.91,5562.62,0,0,-2.54159
-4202.84,-1982.04,5568.83,0,0,-1.94159
-4202.84,-1982.04,5568.83,0,0,-1.94159
-4258,-1711.87,5609.79,0,0,-2.14159
-4258,-1711.87,5609.79,0,0,-2.14159
-4244.5,-1478.59,5608.61,0,0,3.14159
-4244.5,-1478.59,5608.61,0,0,3.14159
-4115.71,-1472.47,5416.05,0,0,3.14159
-4115.71,-1472.47,5416.05,0,0,3.14159
-3983.07,-1477.2,5225.94,0,0,3.05841
-3983.07,-1477.2,5225.94,0,0,3.05841
-3854.02,-1494.55,5047.78,0,0,-2.74159
-3854.02,-1494.55,5047.78,0,0,-2.74159
-3732.8,-1500.79,4908.24,0,0,-2.94159
-3732.8,-1500.79,4908.24,0,0,-2.94159
-3639.13,-1489,4797.55,0,0,-2.74159
-3639.13,-1489,4797.55,0,0,-2.74159
-3573.37,-1447.72,4713.16,0,0,-2.74159
-3573.37,-1447.72,4713.16,0,0,-2.74159
-3527.19,-1379.07,4646.49,0,0,-2.14159
-3527.19,-1379.07,4646.49,0,0,-2.14159
-3490.02,-1294.56,4586.98,0,0,-2.74159
-3490.02,-1294.56,4586.98,0,0,-2.74159
-3461.53,-1234.62,4525.79,0,0,3.14159
-3461.53,-1234.62,4525.79,0,0,3.14159
-3436.21,-1180.07,4458.24,0,0,3.14159
-3436.21,-1180.07,4458.24,0,0,3.14159
-3416.82,-1125.47,4382.88,0,0,2.85841
-3416.82,-1125.47,4382.88,0,0,2.85841
-3414.13,-1070.06,4303.85,0,0,3.14159
-3414.13,-1070.06,4303.85,0,0,3.14159
-3287.94,-991.134,4219.06,0,0,1.85841
-3287.94,-991.134,4219.06,0,0,1.85841
-3409.69,-998.164,4131.65,0,0,2.45841
-3409.69,-998.164,4131.65,0,0,2.45841
-3313.55,-997.897,4067.16,0,0,2.85841
-3313.55,-997.897,4067.16,0,0,2.85841
-3150.85,-1095.79,4023.53,0,0,2.65841
-3150.85,-1095.79,4023.53,0,0,2.65841
-3060.44,-1067.93,3943.65,0,0,0.658407
-3060.44,-1067.93,3943.65,0,0,0.658407
-3033.55,-1017.09,3873.04,0,0,0.0584073
-3033.55,-1017.09,3873.04,0,0,0.0584073
-3098.34,-857.684,3792.32,0,0,0.658407
-3098.34,-857.684,3792.32,0,0,0.658407
-3186.39,-802.043,3702.2,0,0,1.05841
-3186.39,-802.043,3702.2,0,0,1.05841
-3301.32,-761.106,3606.37,0,0,-0.341593
-3301.32,-761.106,3606.37,0,0,-0.341593
-3068.05,-632.068,3621.06,0,0,2.25841
-3068.05,-632.068,3621.06,0,0,2.25841
-2859.31,-518.63,3625.49,0,0,-2.94159
-2859.31,-518.63,3625.49,0,0,-2.94159
-2671.05,-405.334,3610.78,0,0,-2.14159
-2671.05,-405.334,3610.78,0,0,-2.14159
-2726.66,-247.255,3581.79,0,0,-0.341593
-2726.66,-247.255,3581.79,0,0,-0.341593
-2632.68,-157.356,3554.57,0,0,0.0584073
-2632.68,-157.356,3554.57,0,0,0.0584073
-2695.93,-154.481,3660.11,0,0,-2.14159
-2695.93,-154.481,3660.11,0,0,-2.14159
-2749.68,-139.526,3749.78,0,0,1.25841
-2749.68,-139.526,3749.78,0,0,1.25841
-2786.19,-103.42,3816.35,0,0,3.14159
-2786.19,-103.42,3816.35,0,0,3.14159
-2802.73,-45.997,3865.45,0,0,-2.94159
-2802.73,-45.997,3865.45,0,0,-2.94159
-2905.56,139.994,3684.08,0,0,-0.741593
-2905.56,139.994,3684.08,0,0,-0.741593
-2806.36,156.204,3825.77,0,0,-1.94159
-2806.36,156.204,3825.77,0,0,-1.94159
-2718.1,238.826,3950.22,0,0,2.25841
-2718.1,238.826,3950.22,0,0,2.25841
-2821.21,261.825,4078.01,0,0,-0.141593
-2821.21,261.825,4078.01,0,0,-0.141593
-2923.87,283.369,4198.54,0,0,1.05841
-2923.87,283.369,4198.54,0,0,1.05841
-3024.36,302.801,4312.34,0,0,-0.141593
-3024.36,302.801,4312.34,0,0,-0.141593
-3120.65,321.395,4421.41,0,0,1.45841
-3120.65,321.395,4421.41,0,0,1.45841
-3211.64,342.153,4529.04,0,0,2.05841
-3211.64,342.153,4529.04,0,0,2.05841
-3297.53,368.494,4636.61,0,0,2.05841
-3297.53,368.494,4636.61,0,0,2.05841
-3379.1,402.33,4742.72,0,0,-2.34159
-3379.1,402.33,4742.72,0,0,-2.34159
-3457.29,442.79,4843.79,0,0,-2.54159
-3457.29,442.79,4843.79,0,0,-2.54159
-3534.04,487.229,4935.74,0,0,-1.14159
-3534.04,487.229,4935.74,0,0,-1.14159
-3613.05,533.765,5015.94,0,0,-2.94159
-3613.05,533.765,5015.94,0,0,-2.94159
-3825.53,668.234,5096.39,0,0,-1.54159
-3825.53,668.234,5096.39,0,0,-1.54159
-3898.14,822.781,5266.25,0,0,-2.54159
-3898.14,822.781,5266.25,0,0,-2.54159
-3965.94,993.793,5409.93,0,0,2.05841
-3965.94,993.793,5409.93,0,0,2.05841
-4032.53,969.262,5443.5,0,0,-1.34159
-4032.53,969.262,5443.5,0,0,-1.34159
-4096.89,951.297,5451.59,0,0,1.05841
-4096.89,951.297,5451.59,0,0,1.05841
-4099.04,1035.58,5457.58,0,0,-1.94159
-4099.04,1035.58,5457.58,0,0,-1.94159
-4096.7,1121.72,5465.46,0,0,-2.14159
-4096.7,1121.72,5465.46,0,0,-2.14159
-4094.01,1212.32,5485.87,0,0,-1.94159
-4094.01,1212.32,5485.87,0,0,-1.94159
-4174.7,1177.74,5537.92,0,0,0.858407
-4174.7,1177.74,5537.92,0,0,0.858407
-4273.7,1138.9,5612.89,0,0,-1.74159
-4273.7,1138.9,5612.89,0,0,-1.74159
-4377.07,1121.83,5707.24,0,0,-1.94159
-4377.07,1121.83,5707.24,0,0,-1.94159
-4469.17,1124.5,5815.93,0,0,1.65841
-4469.17,1124.5,5815.93,0,0,1.65841
-4616.82,818.853,5928.52,0,0,-1.14159
-4616.82,818.853,5928.52,0,0,-1.14159
-4716.73,565.354,6050.19,0,0,3.14159
-4716.73,565.354,6050.19,0,0,3.14159
-5011.12,-266.272,6362.95,0,0,-0.141593
-5011.12,-266.272,6362.95,0,0,-0.141593
-5043.58,510.67,6095.95,0,0,-1.54159
-5043.58,510.67,6095.95,0,0,-1.54159
-5229.71,685.287,6026.18,0,0,-2.14159
-5229.71,685.287,6026.18,0,0,-2.14159
-5290.89,889.155,5963.26,0,0,-1.54159
-5290.89,889.155,5963.26,0,0,-1.54159
-5232.07,1091.98,5888.8,0,0,-2.14159
-5232.07,1091.98,5888.8,0,0,-2.14159
-5092.17,1290.29,5807.98,0,0,1.65841
-5092.17,1290.29,5807.98,0,0,1.65841
-4907.86,1413.23,5712.84,0,0,-2.54159
-4907.86,1413.23,5712.84,0,0,-2.54159
-4736.4,1531.1,5645.07,0,0,1.65841
-4736.4,1531.1,5645.07,0,0,1.65841
-4641.25,1555.64,5546.05,0,0,-2.94159
-4641.25,1555.64,5546.05,0,0,-2.94159
-4561.62,1578.74,5474.43,0,0,-2.74159
-4561.62,1578.74,5474.43,0,0,-2.74159
-4485.59,1602.34,5424.52,0,0,-2.74159
-4485.59,1602.34,5424.52,0,0,-2.74159
-4407.16,1626.54,5391.08,0,0,-2.94159
-4407.16,1626.54,5391.08,0,0,-2.94159
-4326.49,1650.46,5367.95,0,0,2.05841
-4326.49,1650.46,5367.95,0,0,2.05841
-4272.68,1651.91,5323.72,0,0,3.14159
-4272.68,1651.91,5323.72,0,0,3.14159
-4219.86,1652.75,5281.19,0,0,0.858407
-4219.86,1652.75,5281.19,0,0,0.858407
-4132.1,1631.72,5228.32,0,0,2.85841
-4132.1,1631.72,5228.32,0,0,2.85841
-4043.46,1611.17,5176.08,0,0,-0.941593
-4043.46,1611.17,5176.08,0,0,-0.941593
-3882.4,1542.91,5132.71,0,0,2.65841
-3882.4,1542.91,5132.71,0,0,2.65841
-3715.53,1478.13,5091.35,0,0,2.85841
-3715.53,1478.13,5091.35,0,0,2.85841
-3517.46,1402.11,4999.78,0,0,0.858407
-3517.46,1402.11,4999.78,0,0,0.858407
-3302.16,1336.03,4911.02,0,0,3.05841
-3302.16,1336.03,4911.02,0,0,3.05841
-3173.89,1421.04,4837.79,0,0,3.05841
-3173.89,1421.04,4837.79,0,0,3.05841
-3044.16,1503.4,4764.06,0,0,2.45841
-3044.16,1503.4,4764.06,0,0,2.45841
-2913.35,1582.84,4689.95,0,0,-2.74159
-2913.35,1582.84,4689.95,0,0,-2.74159
-2795.93,1684.15,4618.87,0,0,-2.54159
-2795.93,1684.15,4618.87,0,0,-2.54159
-2665.23,1791.84,4550.33,0,0,-2.74159
-2665.23,1791.84,4550.33,0,0,-2.74159
-2536.1,1901.63,4487.4,0,0,2.25841
-2536.1,1901.63,4487.4,0,0,2.25841
-2411.6,2015.36,4434.04,0,0,-2.34159
-2411.6,2015.36,4434.04,0,0,-2.34159
-2336.98,2150.78,4374.77,0,0,-1.94159
-2336.98,2150.78,4374.77,0,0,-1.94159
-2199.04,2208.36,4361.43,0,0,0.258407
-2199.04,2208.36,4361.43,0,0,0.258407
-2272.14,2286.79,4334.69,0,0,-1.94159
-2272.14,2286.79,4334.69,0,0,-1.94159
-2845.28,2373.89,4129.89,0,0,0.658407
-2845.28,2373.89,4129.89,0,0,0.658407
-2760.41,2676.33,4025.71,0,0,-1.94159
-2760.41,2676.33,4025.71,0,0,-1.94159
-2661.12,2882.22,3926.39,0,0,-2.54159
-2661.12,2882.22,3926.39,0,0,-2.54159
-2490.05,2907.13,3838.27,0,0,-1.14159
-2490.05,2907.13,3838.27,0,0,-1.14159
-2278.67,2883.27,3762.34,0,0,-2.34159
-2278.67,2883.27,3762.34,0,0,-2.34159
-2060.83,2832.92,3690.05,0,0,3.14159
-2060.83,2832.92,3690.05,0,0,3.14159
-1910.17,2877.84,3613.8,0,0,-2.74159
-1910.17,2877.84,3613.8,0,0,-2.74159
-1758.88,2944.65,3521.59,0,0,-2.74159
-1758.88,2944.65,3521.59,0,0,-2.74159
-1608.32,3036.72,3414.38,0,0,1.85841
-1608.32,3036.72,3414.38,0,0,1.85841
-1457.98,3141.69,3297.19,0,0,0.0584073
-1457.98,3141.69,3297.19,0,0,0.0584073
-1301.72,3243.27,3175.84,0,0,-2.74159
-1301.72,3243.27,3175.84,0,0,-2.74159
-1148.9,3333.59,3052.12,0,0,-2.54159
-1148.9,3333.59,3052.12,0,0,-2.54159
-1002.83,3416.89,2924.97,0,0,1.85841
-1002.83,3416.89,2924.97,0,0,1.85841
-914.482,3543.74,2893.86,0,0,-2.14159
-914.482,3543.74,2893.86,0,0,-2.14159
-790.911,3883.79,3031.2,0,0,-0.341593
-790.911,3883.79,3031.2,0,0,-0.341593
-686.91,4022.47,3020.03,0,0,-2.54159
-686.91,4022.47,3020.03,0,0,-2.54159
-455.053,4052.39,3008.7,0,0,1.45841
-455.053,4052.39,3008.7,0,0,1.45841
-312.051,4172.81,3164.57,0,0,1.45841
-312.051,4172.81,3164.57,0,0,1.45841
-148.789,4011.65,3114.02,0,0,1.65841
-148.789,4011.65,3114.02,0,0,1.65841
27.4119,3850.55,3075.31,0,0,-1.74159
27.4119,3850.55,3075.31,0,0,-1.74159
245.474,3701.62,3047.68,0,0,0.458407
245.474,3701.62,3047.68,0,0,0.458407
420.727,3710.15,3033.1,0,0,2.45841
420.727,3710.15,3033.1,0,0,2.45841
598.75,3701.69,2987.27,0,0,-0.541593
598.75,3701.69,2987.27,0,0,-0.541593
781.495,3706.52,2951.82,0,0,-2.54159
781.495,3706.52,2951.82,0,0,-2.54159
893.045,3881.75,2887.4,0,0,-2.14159
893.045,3881.75,2887.4,0,0,-2.14159
1027.2,4062.7,2830.87,0,0,1.65841
1027.2,4062.7,2830.87,0,0,1.65841
1186.3,4244.06,2773.03,0,0,-2.34159
1186.3,4244.06,2773.03,0,0,-2.34159
1362.28,4424.1,2711.39,0,0,-0.141593
1362.28,4424.1,2711.39,0,0,-0.141593
1402.31,4626.6,2854.17,0,0,0.0584073
1402.31,4626.6,2854.17,0,0,0.0584073
1421.05,4803.25,2987.19,0,0,-2.94159
1421.05,4803.25,2987.19,0,0,-2.94159
1536.04,4871.31,3022.32,0,0,-2.74159
1536.04,4871.31,3022.32,0,0,-2.74159
1640.48,4887.31,3065.35,0,0,-2.74159
1640.48,4887.31,3065.35,0,0,-2.74159
1733.03,4859.72,3103.13,0,0,-2.54159
1733.03,4859.72,3103.13,0,0,-2.54159
1796.15,4936.19,3033.91,0,0,2.65841
1796.15,4936.19,3033.91,0,0,2.65841
1841.02,4998.79,2957.77,0,0,-1.54159
1841.02,4998.79,2957.77,0,0,-1.54159
1871.96,5053.57,2887.5,0,0,-2.14159
1871.96,5053.57,2887.5,0,0,-2.14159
1909.53,5107.12,2824.19,0,0,2.25841
1909.53,5107.12,2824.19,0,0,2.25841
1978.12,5152.1,2808.39,0,0,-2.54159
1978.12,5152.1,2808.39,0,0,-2.54159
2063.7,5211.04,2793.69,0,0,2.25841
2063.7,5211.04,2793.69,0,0,2.25841
2144.83,5278.29,2789.22,0,0,-1.94159
2144.83,5278.29,2789.22,0,0,-1.94159
2190.33,5364.58,2755.43,0,0,-1.94159
2190.33,5364.58,2755.43,0,0,-1.94159
2257.2,5430.36,2719.1,0,0,-2.14159
2257.2,5430.36,2719.1,0,0,-2.14159
2247.95,5514.75,2679.28,0,0,-1.74159
2247.95,5514.75,2679.28,0,0,-1.74159
2162.37,5610.94,2615.49,0,0,1.65841
2162.37,5610.94,2615.49,0,0,1.65841
2288.92,5672.58,2665.25,0,0,1.45841
2288.92,5672.58,2665.25,0,0,1.45841
2382.98,5721.48,2691.8,0,0,1.65841
2382.98,5721.48,2691.8,0,0,1.65841
2444.78,5778.86,2699.1,0,0,-2.34159
2444.78,5778.86,2699.1,0,0,-2.34159
2511.2,5843.01,2688.44,0,0,-2.34159
2511.2,5843.01,2688.44,0,0,-2.34159
2518.03,5800.35,2675.11,0,0,1.45841
2518.03,5800.35,2675.11,0,0,1.45841
2522.12,5746.9,2653.73,0,0,1.85841
2522.12,5746.9,2653.73,0,0,1.85841
2572.36,5681.39,2504.24,0,0,-2.14159
2572.36,5681.39,2504.24,0,0,-2.14159
2619.56,5599.99,2326.09,0,0,-2.94159
2619.56,5599.99,2326.09,0,0,-2.94159
2663.08,5507.89,2119.51,0,0,3.14159
2663.08,5507.89,2119.51,0,0,3.14159
2738.5,5344.23,1848.56,0,0,1.25841
2738.5,5344.23,1848.56,0,0,1.25841
2943.12,5585.72,2170.04,0,0,-2.54159
2943.12,5585.72,2170.04,0,0,-2.54159
2704.39,5609.42,2895.54,0,0,-0.741593
2704.39,5609.42,2895.54,0,0,-0.741593
2320.93,5795.71,3096.77,0,0,2.65841
2320.93,5795.71,3096.77,0,0,2.65841
2070.7,5477.32,3062.8,0,0,-0.941593
2070.7,5477.32,3062.8,0,0,-0.941593
2126.53,5739.14,3064.04,0,0,-1.34159
2126.53,5739.14,3064.04,0,0,-1.34159
2102.72,5907.08,3078.79,0,0,-1.54159
2102.72,5907.08,3078.79,0,0,-1.54159
2345.47,6103.38,3058.72,0,0,1.25841
2345.47,6103.38,3058.72,0,0,1.25841
2093.81,6089.78,3106.92,0,0,-0.141593
2093.81,6089.78,3106.92,0,0,-0.141593
2079.47,6262.34,3153.38,0,0,-1.54159
2079.47,6262.34,3153.38,0,0,-1.54159
2069.56,6430.39,3216.13,0,0,0.258407
2069.56,6430.39,3216.13,0,0,0.258407
2116.13,6544.05,3210.4,0,0,-1.94159
2116.13,6544.05,3210.4,0,0,-1.94159
2167.26,6652.61,3210.62,0,0,2.85841
2167.26,6652.61,3210.62,0,0,2.85841
2025.48,6766.19,3188.53,0,0,0.658407
2025.48,6766.19,3188.53,0,0,0.658407
1878.98,6880.8,3158.2,0,0,1.65841
1878.98,6880.8,3158.2,0,0,1.65841
1725.01,7062.22,3120.32,0,0,-1.74159
1725.01,7062.22,3120.32,0,0,-1.74159
1746.18,7282.46,2969.39,0,0,-2.14159
1746.18,7282.46,2969.39,0,0,-2.14159
2025.92,7437.6,2821.31,0,0,-1.74159
2025.92,7437.6,2821.31,0,0,-1.74159
2224.3,7290.04,3094.96,0,0,-1.94159
2224.3,7290.04,3094.96,0,0,-1.94159
2115.27,7446.8,3102.33,0,0,0.0584073
2115.27,7446.8,3102.33,0,0,0.0584073
1946.7,7621.86,3139.95,0,0,1.05841
1946.7,7621.86,3139.95,0,0,1.05841
1869.29,7667.48,3096.63,0,0,-0.141593
1869.29,7667.48,3096.63,0,0,-0.141593
1778.68,7713.14,3028.18,0,0,-0.141593
1778.68,7713.14,3028.18,0,0,-0.141593
1674.51,7753,2936.88,0,0,-1.54159
1674.51,7753,2936.88,0,0,-1.54159
1563.36,7784.99,2828.57,0,0,0.658407
1563.36,7784.99,2828.57,0,0,0.658407
1685.02,7949.6,2734.4,0,0,-1.94159
1685.02,7949.6,2734.4,0,0,-1.94159
1646.78,8214.72,2902.53,0,0,-1.94159
1646.78,8214.72,2902.53,0,0,-1.94159
2225.13,8335.79,3073.13,0,0,1.25841
2225.13,8335.79,3073.13,0,0,1.25841
2806.65,8473.05,3246.31,0,0,0.858407
2806.65,8473.05,3246.31,0,0,0.858407
2902.2,8069.79,3250.34,0,0,-1.74159
2902.2,8069.79,3250.34,0,0,-1.74159
2969.4,8010.01,2977.86,0,0,0.858407
2969.4,8010.01,2977.86,0,0,0.858407
2988.88,7852.09,3040.12,0,0,0.658407
2988.88,7852.09,3040.12,0,0,0.658407
3000.85,7743.11,3091.17,0,0,-0.341593
3000.85,7743.11,3091.17,0,0,-0.341593
3239.39,7637.8,3134.2,0,0,1.65841
3239.39,7637.8,3134.2,0,0,1.65841
3414.56,7529.29,3130.2,0,0,2.85841
3414.56,7529.29,3130.2,0,0,2.85841
3592.28,7430.3,3127.95,0,0,-1.94159
3592.28,7430.3,3127.95,0,0,-1.94159
3673.7,7439.43,3035.95,0,0,2.85841
3673.7,7439.43,3035.95,0,0,2.85841
3755.67,7455.37,2961.24,0,0,-1.14159
3755.67,7455.37,2961.24,0,0,-1.14159
3929.25,7568.03,2912.22,0,0,2.85841
3929.25,7568.03,2912.22,0,0,2.85841
4075.8,7590.52,2890.82,0,0,1.45841
4075.8,7590.52,2890.82,0,0,1.45841
4220.83,7613.67,2887.79,0,0,-2.94159
4220.83,7613.67,2887.79,0,0,-2.94159
4292.32,7554.32,2959.37,0,0,2.45841
4292.32,7554.32,2959.37,0,0,2.45841
4637.16,7447.71,2919.14,0,0,0.858407
4637.16,7447.71,2919.14,0,0,0.858407
5369.6,7569.92,2859.27,0,0,1.25841
5369.6,7569.92,2859.27,0,0,1.25841
6037.36,7722.14,2712.12,0,0,1.85841
6037.36,7722.14,2712.12,0,0,1.85841
6596.06,7262.27,2497.77,0,0,2.25841
6596.06,7262.27,2497.77,0,0,2.25841
6014.73,6951.93,2480.49,0,0,2.45841
6014.73,6951.93,2480.49,0,0,2.45841
5086.72,6945.44,2311.19,0,0,-0.941593
5086.72,6945.44,2311.19,0,0,-0.941593
4982.88,6821.46,2306.66,0,0,0.458407
4982.88,6821.46,2306.66,0,0,0.458407
4779.93,6752.87,2321.39,0,0,0.258407
4779.93,6752.87,2321.39,0,0,0.258407
4578.95,6684.31,2314.96,0,0,0.258407
4578.95,6684.31,2314.96,0,0,0.258407
4380.72,6611.18,2293.74,0,0,0.258407
4380.72,6611.18,2293.74,0,0,0.258407
4439.03,6539.81,2285.51,0,0,-1.54159
4439.03,6539.81,2285.51,0,0,-1.54159
4512.34,6480.14,2259.1,0,0,2.05841
4512.34,6480.14,2259.1,0,0,2.05841
4557.27,6390.77,2247.81,0,0,-2.34159
4557.27,6390.77,2247.81,0,0,-2.34159
4639.5,6280.76,2301.05,0,0,1.85841
4639.5,6280.76,2301.05,0,0,1.85841
4688.69,6144.13,2373.14,0,0,2.85841
4688.69,6144.13,2373.14,0,0,2.85841
4747.12,6106.61,2385.98,0,0,1.85841
4747.12,6106.61,2385.98,0,0,1.85841
4783.56,6094.17,2404.68,0,0,3.14159
4783.56,6094.17,2404.68,0,0,3.14159
4904.15,6250.54,2082.92,0,0,1.85841
4904.15,6250.54,2082.92,0,0,1.85841
5048.15,6246.32,1926.73,0,0,1.45841
5048.15,6246.32,1926.73,0,0,1.45841
5159.45,6241.9,1794.68,0,0,3.05841
5159.45,6241.9,1794.68,0,0,3.05841
5252.74,6222.59,1665.62,0,0,1.45841
5252.74,6222.59,1665.62,0,0,1.45841
5327.21,6099.31,1599.84,0,0,1.45841
5327.21,6099.31,1599.84,0,0,1.45841
5371.26,5780.03,1652.32,0,0,-0.341593
5371.26,5780.03,1652.32,0,0,-0.341593
5256.32,5513.41,1553.7,0,0,-0.541593
5256.32,5513.41,1553.7,0,0,-0.541593
5195.98,5474.75,1689.53,0,0,-1.14159
5195.98,5474.75,1689.53,0,0,-1.14159
5081.16,5533.03,1766.84,0,0,-1.94159
5081.16,5533.03,1766.84,0,0,-1.94159
4987.22,5611.29,1800.57,0,0,1.85841
4987.22,5611.29,1800.57,0,0,1.85841
4912.78,5680.57,1801.11,0,0,3.14159
4912.78,5680.57,1801.11,0,0,3.14159
4819.58,5738.53,1778.9,0,0,-0.141593
4819.58,5738.53,1778.9,0,0,-0.141593
4797.08,5739.55,1751.59,0,0,1.45841
4797.08,5739.55,1751.59,0,0,1.45841
4767.59,5731.29,1718.21,0,0,0.458407
4767.59,5731.29,1718.21,0,0,0.458407
4655.48,5704.17,1773,0,0,0.0584073
4655.48,5704.17,1773,0,0,0.0584073
4540.8,5657.93,1796.21,0,0,0.258407
4540.8,5657.93,1796.21,0,0,0.258407
4445.75,5608.54,1822.56,0,0,2.45841
4445.75,5608.54,1822.56,0,0,2.45841
4418.48,5497.12,1805.05,0,0,2.65841
4418.48,5497.12,1805.05,0,0,2.65841
4409.61,5406.32,1803.98,0,0,1.65841
4409.61,5406.32,1803.98,0,0,1.65841
4405.45,5308.37,1802.39,0,0,1.45841
4405.45,5308.37,1802.39,0,0,1.45841
4384.77,5221.18,1816.96,0,0,1.45841
4384.77,5221.18,1816.96,0,0,1.45841
4404.3,5129.64,1839.43,0,0,2.05841
4404.3,5129.64,1839.43,0,0,2.05841
4466.12,5047.49,1868.61,0,0,2.45841
4466.12,5047.49,1868.61,0,0,2.45841
4553.18,4976.59,1904.52,0,0,1.65841
4553.18,4976.59,1904.52,0,0,1.65841
4450.59,4845.76,1832.54,0,0,1.05841
4450.59,4845.76,1832.54,0,0,1.05841
4326.78,4714.87,1764.3,0,0,1.05841
4326.78,4714.87,1764.3,0,0,1.05841
4193.1,4577,1692.69,0,0,1.25841
4193.1,4577,1692.69,0,0,1.25841
4157.76,4374.62,1692.27,0,0,2.45841
4157.76,4374.62,1692.27,0,0,2.45841
4258.26,4288.85,1659.19,0,0,1.85841
4258.26,4288.85,1659.19,0,0,1.85841
4428.99,4308.23,1504.83,0,0,2.45841
4428.99,4308.23,1504.83,0,0,2.45841
4574.09,4620.76,1320.89,0,0,2.85841
4574.09,4620.76,1320.89,0,0,2.85841
4667.78,4468.2,1230.28,0,0,3.14159
4667.78,4468.2,1230.28,0,0,3.14159
4808.93,4461.65,1174.25,0,0,2.85841
4808.93,4461.65,1174.25,0,0,2.85841
4924.81,4430.04,1124.66,0,0,1.85841
4924.81,4430.04,1124.66,0,0,1.85841
5028.14,4388.17,1080.19,0,0,2.65841
5028.14,4388.17,1080.19,0,0,2.65841
5129.29,4342.39,1035.25,0,0,3.05841
5129.29,4342.39,1035.25,0,0,3.05841
5237.19,4296.55,980.751,0,0,2.65841
5237.19,4296.55,980.751,0,0,2.65841
5428.81,4435.28,948.213,0,0,-2.34159
5428.81,4435.28,948.213,0,0,-2.34159
5568.77,4470.26,921.429,0,0,-0.541593
5568.77,4470.26,921.429,0,0,-0.541593
5640.51,4381.77,747.968,0,0,1.65841
5640.51,4381.77,747.968,0,0,1.65841
5707.96,4126.22,673.519,0,0,-2.94159
5707.96,4126.22,673.519,0,0,-2.94159
5864.31,4067.78,612.303,0,0,-1.34159
5864.31,4067.78,612.303,0,0,-1.34159
6081.6,4067.3,550.878,0,0,3.14159
6081.6,4067.3,550.878,0,0,3.14159
6331.98,4094.42,485.227,0,0,3.05841
6331.98,4094.42,485.227,0,0,3.05841
6629.63,4163.02,413.536,0,0,-2.14159
6629.63,4163.02,413.536,0,0,-2.14159
6720.05,4021.14,336.501,0,0,1.85841
6720.05,4021.14,336.501,0,0,1.85841
6585.22,3653.24,264.215,0,0,0.658407
6585.22,3653.24,264.215,0,0,0.658407
6493.82,3629.64,261.253,0,0,0.258407
6493.82,3629.64,261.253,0,0,0.258407
6398.5,3613.92,277.396,0,0,-2.14159
6398.5,3613.92,277.396,0,0,-2.14159
6304.54,3605.04,299.899,0,0,-1.74159
6304.54,3605.04,299.899,0,0,-1.74159
6223.5,3595.42,313.631,0,0,2.25841
6223.5,3595.42,313.631,0,0,2.25841
6164.38,3578.59,307.767,0,0,0.858407
6164.38,3578.59,307.767,0,0,0.858407
6168.12,3511.06,363.98,0,0,2.25841
6168.12,3511.06,363.98,0,0,2.25841
6186.66,3440.29,337.54,0,0,1.85841
6186.66,3440.29,337.54,0,0,1.85841
6211.93,3370.58,306.473,0,0,1.85841
6211.93,3370.58,306.473,0,0,1.85841
6239.66,3304.03,268.784,0,0,3.14159
6239.66,3304.03,268.784,0,0,3.14159
6260.67,3239.34,223.773,0,0,1.05841
6260.67,3239.34,223.773,0,0,1.05841
6270.1,3220.75,172.63,0,0,1.25841
6270.1,3220.75,172.63,0,0,1.25841
6246.01,3209.44,119.549,0,0,0.458407
6246.01,3209.44,119.549,0,0,0.458407
6175.01,3165.96,184.207,0,0,0.458407
6175.01,3165.96,184.207,0,0,0.458407
6098.97,3123.27,303.178,0,0,1.45841
6098.97,3123.27,303.178,0,0,1.45841
6077.19,3091.57,341.777,0,0,-0.741593
6077.19,3091.57,341.777,0,0,-0.741593
6071.36,3074.41,377.85,0,0,0.458407
6071.36,3074.41,377.85,0,0,0.458407
6118.47,3091.11,526.076,0,0,-1.34159
6118.47,3091.11,526.076,0,0,-1.34159
6174.83,3113.84,668.777,0,0,2.65841
6174.83,3113.84,668.777,0,0,2.65841
6179.19,2877.76,536.048,0,0,-0.141593
6179.19,2877.76,536.048,0,0,-0.141593
6246.15,2652.71,308.043,0,0,-0.141593
6246.15,2652.71,308.043,0,0,-0.141593
6139.09,2578.2,456.808,0,0,2.25841
6139.09,2578.2,456.808,0,0,2.25841
5998.31,2594.83,591.953,0,0,-1.74159
5998.31,2594.83,591.953,0,0,-1.74159
5820.47,2600.66,734.12,0,0,-0.141593
5820.47,2600.66,734.12,0,0,-0.141593
5602.82,2636.16,957.68,0,0,0.0584073
5602.82,2636.16,957.68,0,0,0.0584073
5421.52,2814.28,1260.14,0,0,2.05841
5421.52,2814.28,1260.14,0,0,2.05841
5295.91,2661.75,954.926,0,0,-2.94159
5295.91,2661.75,954.926,0,0,-2.94159
5222.29,2692.51,688.12,0,0,-0.141593
5222.29,2692.51,688.12,0,0,-0.141593
5092.15,2699.32,356.205,0,0,2.65841
5092.15,2699.32,356.205,0,0,2.65841
5244.81,2521.3,487.606,0,0,2.65841
5244.81,2521.3,487.606,0,0,2.65841
5364.42,2358.56,558.404,0,0,2.25841
5364.42,2358.56,558.404,0,0,2.25841
5414.78,2258.37,606.817,0,0,2.65841
5414.78,2258.37,606.817,0,0,2.65841
5429.63,2154.29,628.396,0,0,1.85841
5429.63,2154.29,628.396,0,0,1.85841
5395.03,2092.38,642.67,0,0,2.65841
5395.03,2092.38,642.67,0,0,2.65841
5325.24,2067.62,655.892,0,0,0.0584073
5325.24,2067.62,655.892,0,0,0.0584073
5233.93,2076.94,669.656,0,0,-0.141593
5233.93,2076.94,669.656,0,0,-0.141593
5124.91,2093.83,675.196,0,0,-0.541593
5124.91,2093.83,675.196,0,0,-0.541593
5076.86,2068.62,684.326,0,0,2.25841
5076.86,2068.62,684.326,0,0,2.25841
4999.39,2046.24,696.151,0,0,2.45841
4999.39,2046.24,696.151,0,0,2.45841
4931.69,1996.26,781.639,0,0,-0.541593
4931.69,1996.26,781.639,0,0,-0.541593
4842.91,1904.59,876.104,0,0,2.65841
4842.91,1904.59,876.104,0,0,2.65841
4794.95,1703.91,878.66,0,0,2.05841
4794.95,1703.91,878.66,0,0,2.05841
4919.98,1669.42,681.503,0,0,2.65841
4919.98,1669.42,681.503,0,0,2.65841
4951.97,1466.34,384.055,0,0,2.45841
4951.97,1466.34,384.055,0,0,2.45841
5110.52,1399.69,382.187,0,0,2.25841
5110.52,1399.69,382.187,0,0,2.25841
4914.69,1255.93,304.382,0,0,3.05841
4914.69,1255.93,304.382,0,0,3.05841
4848.25,1048.38,254.918,0,0,1.05841
4848.25,1048.38,254.918,0,0,1.05841
4858.27,790.526,232.026,0,0,1.85841
4858.27,790.526,232.026,0,0,1.85841
4751.6,616.327,222.909,0,0,1.25841
4751.6,616.327,222.909,0,0,1.25841
4747.69,522.344,230.206,0,0,0.258407
4747.69,522.344,230.206,0,0,0.258407
4708.61,424.114,232.811,0,0,2.65841
4708.61,424.114,232.811,0,0,2.65841
4670.28,340.688,229.805,0,0,2.05841
4670.28,340.688,229.805,0,0,2.05841
4628.02,281.304,219.554,0,0,-0.341593
4628.02,281.304,219.554,0,0,-0.341593
4576.09,253.886,202.162,0,0,0.258407
4576.09,253.886,202.162,0,0,0.258407
4514.39,259.881,179.156,0,0,-2.34159
4514.39,259.881,179.156,0,0,-2.34159
4446.12,287.331,152.988,0,0,-0.341593
4446.12,287.331,152.988,0,0,-0.341593
4574.2,280.626,20.4067,0,0,-1.54159
4574.2,280.626,20.4067,0,0,-1.54159
4663.95,310.197,-195.492,0,0,2.05841
4663.95,310.197,-195.492,0,0,2.05841
4704.52,217.609,-115.893,0,0,1.85841
4704.52,217.609,-115.893,0,0,1.85841
4754.5,153.956,-38.0075,0,0,2.05841
4754.5,153.956,-38.0075,0,0,2.05841
4838.6,69.2171,-80.061,0,0,2.65841
4838.6,69.2171,-80.061,0,0,2.65841
4944.77,17.7476,-123.123,0,0,2.25841
4944.77,17.7476,-123.123,0,0,2.25841
5054.29,2.43916,-159.154,0,0,2.85841
5054.29,2.43916,-159.154,0,0,2.85841
5159.75,31.6579,-179.067,0,0,1.85841
5159.75,31.6579,-179.067,0,0,1.85841
5251.7,121.926,-175.657,0,0,-0.341593
5251.7,121.926,-175.657,0,0,-0.341593
5384.73,212.814,-139.103,0,0,-1.94159
5384.73,212.814,-139.103,0,0,-1.94159
5538.82,223.669,-81.4035,0,0,-1.94159
5538.82,223.669,-81.4035,0,0,-1.94159
5692.2,142.494,-22.1546,0,0,-1.54159
5692.2,142.494,-22.1546,0,0,-1.54159
5811.11,18.7108,45.4711,0,0,1.45841
5811.11,18.7108,45.4711,0,0,1.45841
5827.46,8.34102,127.311,0,0,-2.54159
5827.46,8.34102,127.311,0,0,-2.54159
5844.71,7.27989,216.218,0,0,-2.14159
5844.71,7.27989,216.218,0,0,-2.14159
5995.22,-67.1773,76.6914,0,0,3.14159
5995.22,-67.1773,76.6914,0,0,3.14159
5932.37,200.36,-15.6173,0,0,-1.54159
5932.37,200.36,-15.6173,0,0,-1.54159
5952.13,290.086,-111.598,0,0,-0.741593
5952.13,290.086,-111.598,0,0,-0.741593
5942.12,362.028,-203.381,0,0,2.25841
5942.12,362.028,-203.381,0,0,2.25841
5995.98,393.825,-175.523,0,0,3.14159
5995.98,393.825,-175.523,0,0,3.14159
6033.27,405.287,-159.173,0,0,1.85841
6033.27,405.287,-159.173,0,0,1.85841
6076.54,411.697,-153.049,0,0,-1.94159
6076.54,411.697,-153.049,0,0,-1.94159
6124.09,419.436,-153.644,0,0,-1.94159
6124.09,419.436,-153.644,0,0,-1.94159
6175.98,435.516,-156.231,0,0,-2.94159
6175.98,435.516,-156.231,0,0,-2.94159
6235.35,461.699,-158.909,0,0,-2.74159
6235.35,461.699,-158.909,0,0,-2.74159
6312.33,500.538,-162.791,0,0,-2.34159
6312.33,500.538,-162.791,0,0,-2.34159
6418.71,545.008,-175.84,0,0,2.25841
6418.71,545.008,-175.84,0,0,2.25841
6550.38,581.937,-201.034,0,0,-2.94159
6550.38,581.937,-201.034,0,0,-2.94159
6685.98,588.405,-233.446,0,0,2.85841
6685.98,588.405,-233.446,0,0,2.85841
6774.15,526.472,-320.851,0,0,2.05841
6774.15,526.472,-320.851,0,0,2.05841
6802.89,413.419,-391.968,0,0,2.85841
6802.89,413.419,-391.968,0,0,2.85841
6706.01,251.996,-412.054,0,0,1.05841
6706.01,251.996,-412.054,0,0,1.05841
6690.71,65.6526,-391.315,0,0,1.45841
6690.71,65.6526,-391.315,0,0,1.45841
6678.38,-121.741,-388.912,0,0,2.05841
6678.38,-121.741,-388.912,0,0,2.05841
6769.36,-393.583,-326.183,0,0,-2.14159
6769.36,-393.583,-326.183,0,0,-2.14159
6780.04,-675.79,-226.211,0,0,1.65841
6780.04,-675.79,-226.211,0,0,1.65841
6795.46,-936.566,-114.706,0,0,-0.741593
6795.46,-936.566,-114.706,0,0,-0.741593
6665.93,-1487.23,-56.373,0,0,2.45841
6665.93,-1487.23,-56.373,0,0,2.45841
6878.08,-1602.06,8.60681,0,0,-1.94159
6878.08,-1602.06,8.60681,0,0,-1.94159
6632.07,-1834.88,77.1363,0,0,2.85841
6632.07,-1834.88,77.1363,0,0,2.85841
6856.04,-1995.73,-105.612,0,0,-2.54159
6856.04,-1995.73,-105.612,0,0,-2.54159
6871.27,-2214.7,-286.577,0,0,-0.541593
6871.27,-2214.7,-286.577,0,0,-0.541593
6974.68,-2201.7,-626.467,0,0,-1.34159
6974.68,-2201.7,-626.467,0,0,-1.34159
6888.35,-2405.81,-368.491,0,0,0.258407
6888.35,-2405.81,-368.491,0,0,0.258407
6735.6,-2465.74,-378.259,0,0,-0.341593
6735.6,-2465.74,-378.259,0,0,-0.341593
6653.8,-2395.4,-347.575,0,0,1.45841
6653.8,-2395.4,-347.575,0,0,1.45841
6568.75,-2356.58,-376.827,0,0,0.458407
6568.75,-2356.58,-376.827,0,0,0.458407
6495.53,-2330.29,-486.174,0,0,-2.14159
6495.53,-2330.29,-486.174,0,0,-2.14159
6541.42,-2262.19,-646.822,0,0,-0.741593
6541.42,-2262.19,-646.822,0,0,-0.741593
6390.12,-2369.9,-585.954,0,0,1.85841
6390.12,-2369.9,-585.954,0,0,1.85841
6419.06,-2488.38,-593.708,0,0,2.05841
6419.06,-2488.38,-593.708,0,0,2.05841
6370.11,-2588.27,-544.323,0,0,0.458407
6370.11,-2588.27,-544.323,0,0,0.458407
6285.09,-2590.86,-467.164,0,0,-0.341593
6285.09,-2590.86,-467.164,0,0,-0.341593
6258.5,-2654.68,-435.612,0,0,-2.94159
6258.5,-2654.68,-435.612,0,0,-2.94159
6224.38,-2694.68,-426.454,0,0,1.25841
6224.38,-2694.68,-426.454,0,0,1.25841
6173.91,-2691.78,-429.391,0,0,1.25841
6173.91,-2691.78,-429.391,0,0,1.25841
6103.51,-2691.07,-433.677,0,0,-0.141593
6103.51,-2691.07,-433.677,0,0,-0.141593
6028.53,-2705.62,-436.814,0,0,0.458407
6028.53,-2705.62,-436.814,0,0,0.458407
5880.73,-2620.02,-451.07,0,0,0.458407
5880.73,-2620.02,-451.07,0,0,0.458407
5914.53,-2845.09,-439.725,0,0,2.45841
5914.53,-2845.09,-439.725,0,0,2.45841
5884.78,-2938.48,-436.685,0,0,0.258407
5884.78,-2938.48,-436.685,0,0,0.258407
5896.74,-3036.93,-434.995,0,0,-0.741593
5896.74,-3036.93,-434.995,0,0,-0.741593
5918.11,-3104.47,-440.339,0,0,2.05841
5918.11,-3104.47,-440.339,0,0,2.05841
5946.7,-3133.84,-454.574,0,0,-1.74159
5946.7,-3133.84,-454.574,0,0,-1.74159
5978.82,-3128.43,-478.348,0,0,-2.54159
5978.82,-3128.43,-478.348,0,0,-2.54159
6010.6,-3100.8,-510.315,0,0,-2.14159
6010.6,-3100.8,-510.315,0,0,-2.14159
6026.91,-3034.51,-546.147,0,0,-1.74159
6026.91,-3034.51,-546.147,0,0,-1.74159
6063.39,-3006.03,-580.906,0,0,-2.74159
6063.39,-3006.03,-580.906,0,0,-2.74159
6117.2,-2983.76,-607.577,0,0,2.65841
6117.2,-2983.76,-607.577,0,0,2.65841
6193.77,-3001.8,-620.832,0,0,-2.94159
6193.77,-3001.8,-620.832,0,0,-2.94159
6314.99,-3188,-621.34,0,0,-1.94159
6314.99,-3188,-621.34,0,0,-1.94159
6452.06,-3349.77,-561.547,0,0,2.25841
6452.06,-3349.77,-561.547,0,0,2.25841
6226.57,-3451.07,-643.637,0,0,1.45841
6226.57,-3451.07,-643.637,0,0,1.45841
6389.48,-3550.31,-341.68,0,0,-0.541593
6389.48,-3550.31,-341.68,0,0,-0.541593
6371.55,-3697.65,-197.156,0,0,-2.94159
6371.55,-3697.65,-197.156,0,0,-2.94159
6396.72,-3911.06,-166.604,0,0,1.25841
6396.72,-3911.06,-166.604,0,0,1.25841
6388.48,-4136.16,-66.6649,0,0,-0.941593
6388.48,-4136.16,-66.6649,0,0,-0.941593
6289.27,-4402.12,68.5061,0,0,-2.94159
6289.27,-4402.12,68.5061,0,0,-2.94159
6126.99,-4698.03,238.688,0,0,-1.14159
6126.99,-4698.03,238.688,0,0,-1.14159
5970.57,-4990.6,417.248,0,0,-0.541593
5970.57,-4990.6,417.248,0,0,-0.541593
5301.31,-4308.88,89.025,0,0,-0.941593
5301.31,-4308.88,89.025,0,0,-0.941593
5160.65,-4018.35,35.3362,0,0,-1.34159
5160.65,-4018.35,35.3362,0,0,-1.34159
5271.81,-3940.55,2.93503,0,0,2.65841
5271.81,-3940.55,2.93503,0,0,2.65841
5080.25,-3743.01,-49.8024,0,0,-1.34159
5080.25,-3743.01,-49.8024,0,0,-1.34159
5024.59,-3503.04,-136.968,0,0,-2.94159
5024.59,-3503.04,-136.968,0,0,-2.94159
4940.37,-3315.52,-210.585,0,0,-1.14159
4940.37,-3315.52,-210.585,0,0,-1.14159
4790.73,-3214.45,-266.107,0,0,-0.941593
4790.73,-3214.45,-266.107,0,0,-0.941593
4719.91,-2558,-383.562,0,0,0.658407
4719.91,-2558,-383.562,0,0,0.658407
4530.55,-3241.36,-319.321,0,0,0.458407
4530.55,-3241.36,-319.321,0,0,0.458407
4281.91,-3448.35,-302.867,0,0,0.458407
4281.91,-3448.35,-302.867,0,0,0.458407
4100.51,-3629.44,-119.516,0,0,0.0584073
4100.51,-3629.44,-119.516,0,0,0.0584073
4003.53,-3621.42,35.1861,0,0,-0.741593
4003.53,-3621.42,35.1861,0,0,-0.741593
3943.05,-3606.13,162.953,0,0,-0.141593
3943.05,-3606.13,162.953,0,0,-0.141593
3810.74,-3677.34,173.019,0,0,-1.34159
3810.74,-3677.34,173.019,0,0,-1.34159
3706.94,-3770.57,174.721,0,0,0.858407
3706.94,-3770.57,174.721,0,0,0.858407
3620.98,-3879.63,176.451,0,0,-0.141593
3620.98,-3879.63,176.451,0,0,-0.141593
3587.39,-3842.28,186.616,0,0,-0.341593
3587.39,-3842.28,186.616,0,0,-0.341593
3560.66,-3816.54,197.532,0,0,-2.54159
3560.66,-3816.54,197.532,0,0,-2.54159
3407.87,-3870.63,225.084,0,0,-0.941593
3407.87,-3870.63,225.084,0,0,-0.941593
3260.43,-3908.25,251.219,0,0,1.85841
3260.43,-3908.25,251.219,0,0,1.85841
3123.77,-3889.35,353.349,0,0,-2.14159
3123.77,-3889.35,353.349,0,0,-2.14159
3029.72,-3858.79,469.981,0,0,-1.74159
3029.72,-3858.79,469.981,0,0,-1.74159
2899.92,-3844.79,609.559,0,0,-0.341593
2899.92,-3844.79,609.559,0,0,-0.341593
2728.61,-3828.99,456.73,0,0,-0.741593
2728.61,-3828.99,456.73,0,0,-0.741593
2575.36,-3844.25,292.731,0,0,2.45841
2575.36,-3844.25,292.731,0,0,2.45841
2442.1,-3884.46,119.77,0,0,2.05841
2442.1,-3884.46,119.77,0,0,2.05841
2394.09,-3910.01,160.942,0,0,0.658407
2394.09,-3910.01,160.942,0,0,0.658407
2349.29,-3945.59,196.006,0,0,1.05841
2349.29,-3945.59,196.006,0,0,1.05841
2366.79,-4119.65,314.955,0,0,2.85841
2366.79,-4119.65,314.955,0,0,2.85841
2352.1,-4092.77,402.236,0,0,-2.74159
2352.1,-4092.77,402.236,0,0,-2.74159
2341.26,-4012.59,470.698,0,0,-0.941593
2341.26,-4012.59,470.698,0,0,-0.941593
2232.07,-3855.96,303.789,0,0,-1.34159
2232.07,-3855.96,303.789,0,0,-1.34159
2185.51,-3765.55,193.7,0,0,-1.14159
2185.51,-3765.55,193.7,0,0,-1.14159
2167.1,-3666.55,122.924,0,0,-0.541593
2167.1,-3666.55,122.924,0,0,-0.541593
2182.88,-3557.03,74.8756,0,0,-2.14159
2182.88,-3557.03,74.8756,0,0,-2.14159
2182.95,-3439.99,29.1751,0,0,-1.94159
2182.95,-3439.99,29.1751,0,0,-1.94159
2321.74,-3326.62,34.7785,0,0,1.65841
2321.74,-3326.62,34.7785,0,0,1.65841
2428.06,-3237.79,51.5467,0,0,-0.541593
2428.06,-3237.79,51.5467,0,0,-0.541593
2152.38,-3203.08,87.5111,0,0,-2.14159
2152.38,-3203.08,87.5111,0,0,-2.14159
1877.98,-3202.99,134.732,0,0,-2.54159
1877.98,-3202.99,134.732,0,0,-2.54159
1834.02,-3074.59,74.8638,0,0,0.0584073
1834.02,-3074.59,74.8638,0,0,0.0584073
1801.51,-2927.69,21.5882,0,0,3.14159
1801.51,-2927.69,21.5882,0,0,3.14159
1702.22,-3068.34,-65.6426,0,0,2.85841
1702.22,-3068.34,-65.6426,0,0,2.85841
1610.46,-3172.36,-133.634,0,0,1.65841
1610.46,-3172.36,-133.634,0,0,1.65841
1569.3,-3281.04,-76.0088,0,0,-0.141593
1569.3,-3281.04,-76.0088,0,0,-0.141593
1514.54,-3352.25,-2.61359,0,0,1.65841
1514.54,-3352.25,-2.61359,0,0,1.65841
1446.54,-3386.93,85.021,0,0,-0.941593
1446.54,-3386.93,85.021,0,0,-0.941593
1364.14,-3400.59,192.096,0,0,0.0584073
1364.14,-3400.59,192.096,0,0,0.0584073
1260.5,-3415.19,298.691,0,0,-1.94159
1260.5,-3415.19,298.691,0,0,-1.94159
1141.71,-3440.89,396.828,0,0,-1.54159
1141.71,-3440.89,396.828,0,0,-1.54159
1004.29,-3480.62,461.055,0,0,2.65841
1004.29,-3480.62,461.055,0,0,2.65841
869.355,-3533.39,511.2,0,0,-1.94159
869.355,-3533.39,511.2,0,0,-1.94159
740.596,-3598.38,557.348,0,0,-0.741593
740.596,-3598.38,557.348,0,0,-0.741593
623.146,-3676.38,622.013,0,0,2.25841
623.146,-3676.38,622.013,0,0,2.25841
515.395,-3764.32,698.117,0,0,2.05841
515.395,-3764.32,698.117,0,0,2.05841
408.75,-3867.32,788.639,0,0,-0.141593
408.75,-3867.32,788.639,0,0,-0.141593
227.285,-4062.37,686.712,0,0,1.65841
227.285,-4062.37,686.712,0,0,1.65841
196.782,-4032.2,722.267,0,0,3.05841
196.782,-4032.2,722.267,0,0,3.05841
205.073,-3891.88,681.295,0,0,-1.54159
205.073,-3891.88,681.295,0,0,-1.54159
205.619,-3755.52,646.894,0,0,2.85841
205.619,-3755.52,646.894,0,0,2.85841
204.163,-3626.56,640.13,0,0,-2.74159
204.163,-3626.56,640.13,0,0,-2.74159
173.794,-3553.4,645.555,0,0,-1.14159
173.794,-3553.4,645.555,0,0,-1.14159
149.364,-3477.7,684.999,0,0,2.85841
149.364,-3477.7,684.999,0,0,2.85841
85.0421,-3455.84,749.438,0,0,1.25841
85.0421,-3455.84,749.438,0,0,1.25841
23.7309,-3446.45,839.031,0,0,1.25841
23.7309,-3446.45,839.031,0,0,1.25841
-31.2501,-3446.03,946.943,0,0,0.0584073
-31.2501,-3446.03,946.943,0,0,0.0584073
-82.5811,-3443.78,1050.32,0,0,-0.141593
-82.5811,-3443.78,1050.32,0,0,-0.141593
-141.391,-3429.44,1131.97,0,0,-1.34159
-141.391,-3429.44,1131.97,0,0,-1.34159
-99.927,-3317.96,1109.91,0,0,-2.14159
-99.927,-3317.96,1109.91,0,0,-2.14159
-89.69,-3211.38,1076.5,0,0,-1.74159
-89.69,-3211.38,1076.5,0,0,-1.74159
-75.5085,-3095.79,1111.8,0,0,-1.54159
-75.5085,-3095.79,1111.8,0,0,-1.54159
-146.324,-3006.39,1154.36,0,0,3.14159
-146.324,-3006.39,1154.36,0,0,3.14159
-242.135,-2909.05,1255.12,0,0,0.258407
-242.135,-2909.05,1255.12,0,0,0.258407
-200.457,-2864.9,1301.25,0,0,-2.54159
-200.457,-2864.9,1301.25,0,0,-2.54159
-157.91,-2825.78,1151.37,0,0,3.14159
-157.91,-2825.78,1151.37,0,0,3.14159
-27.0065,-2804.82,930.024,0,0,-2.34159
-27.0065,-2804.82,930.024,0,0,-2.34159
49.2797,-2752.05,745.86,0,0,-2.54159
49.2797,-2752.05,745.86,0,0,-2.54159
120.546,-2527.53,598.165,0,0,-0.341593
120.546,-2527.53,598.165,0,0,-0.341593
192.056,-2872,554.558,0,0,-2.54159
192.056,-2872,554.558,0,0,-2.54159
261.214,-3027.12,554.57,0,0,2.05841
261.214,-3027.12,554.57,0,0,2.05841
355.95,-3151.5,559.507,0,0,2.45841
355.95,-3151.5,559.507,0,0,2.45841
474.863,-3221.47,577.367,0,0,-2.74159
474.863,-3221.47,577.367,0,0,-2.74159
606.145,-3232.12,590.178,0,0,3.05841
606.145,-3232.12,590.178,0,0,3.05841
683.76,-3228.87,547.123,0,0,-2.94159
683.76,-3228.87,547.123,0,0,-2.94159
787.214,-3185.76,500.286,0,0,-2.74159
787.214,-3185.76,500.286,0,0,-2.74159
923.292,-3116.76,467.111,0,0,-2.74159
923.292,-3116.76,467.111,0,0,-2.74159
1085.26,-3024.68,443.424,0,0,-2.54159
1085.26,-3024.68,443.424,0,0,-2.54159
1260.79,-2918.22,427.79,0,0,-2.94159
1260.79,-2918.22,427.79,0,0,-2.94159
1440.35,-2757.8,393.155,0,0,-2.74159
1440.35,-2757.8,393.155,0,0,-2.74159
1621.55,-2727.51,410.655,0,0,1.45841
1621.55,-2727.51,410.655,0,0,1.45841
1443.78,-2306.13,443.88,0,0,-2.74159
1443.78,-2306.13,443.88,0,0,-2.74159
1213.61,-2210.3,438.297,0,0,2.05841
1213.61,-2210.3,438.297,0,0,2.05841
992.895,-2167.2,416.188,0,0,-0.941593
992.895,-2167.2,416.188,0,0,-0.941593
710.103,-2092.11,524.69,0,0,-0.141593
710.103,-2092.11,524.69,0,0,-0.141593
503.007,-2114.08,645.303,0,0,0.258407
503.007,-2114.08,645.303,0,0,0.258407
359.596,-2133.17,707.437,0,0,-2.94159
359.596,-2133.17,707.437,0,0,-2.94159
296.03,-2229.76,779.472,0,0,2.65841
296.03,-2229.76,779.472,0,0,2.65841
178.188,-2281.58,811.474,0,0,0.658407
178.188,-2281.58,811.474,0,0,0.658407
94.1925,-2072.46,843.307,0,0,-1.74159
94.1925,-2072.46,843.307,0,0,-1.74159
102.642,-1822.47,928.371,0,0,-2.74159
102.642,-1822.47,928.371,0,0,-2.74159
53.782,-1701.73,993.066,0,0,3.14159
53.782,-1701.73,993.066,0,0,3.14159
10.728,-1556.27,1030.2,0,0,2.85841
10.728,-1556.27,1030.2,0,0,2.85841
-6.66606,-1416,1054.27,0,0,-2.34159
-6.66606,-1416,1054.27,0,0,-2.34159
-73.2975,-1269.38,1068.35,0,0,2.85841
-73.2975,-1269.38,1068.35,0,0,2.85841
-189.188,-1151.57,984.686,0,0,-0.941593
-189.188,-1151.57,984.686,0,0,-0.941593
-294.51,-966.133,961.055,0,0,-0.341593
-294.51,-966.133,961.055,0,0,-0.341593
-67.5272,-895.601,982.156,0,0,-2.74159
-67.5272,-895.601,982.156,0,0,-2.74159
141.316,-827.284,1021.93,0,0,-2.94159
141.316,-827.284,1021.93,0,0,-2.94159
347.575,-856.445,1109.23,0,0,-2.74159
347.575,-856.445,1109.23,0,0,-2.74159
416.538,-748.259,848.445,0,0,-2.94159
416.538,-748.259,848.445,0,0,-2.94159
495.114,-737.76,622.519,0,0,-2.94159
495.114,-737.76,622.519,0,0,-2.94159
826.033,-681.005,521.932,0,0,-2.94159
826.033,-681.005,521.932,0,0,-2.94159
880.086,-768.003,438.757,0,0,-0.541593
880.086,-768.003,438.757,0,0,-0.541593
1002.09,-782.344,350.595,0,0,2.85841
1002.09,-782.344,350.595,0,0,2.85841
1175.18,-846.738,322.355,0,0,2.85841
1175.18,-846.738,322.355,0,0,2.85841
1341.09,-913.066,303.491,0,0,-1.94159
1341.09,-913.066,303.491,0,0,-1.94159
1539.69,-981.952,286.549,0,0,-1.54159
1539.69,-981.952,286.549,0,0,-1.54159
1778.15,-1063.91,245.347,0,0,0.858407
1778.15,-1063.91,245.347,0,0,0.858407
1917.32,-1011.79,118.4,0,0,-2.54159
1917.32,-1011.79,118.4,0,0,-2.54159
2012.31,-906.478,309.97,0,0,-1.34159
2012.31,-906.478,309.97,0,0,-1.34159
2141.1,-574.947,516.884,0,0,-2.74159
2141.1,-574.947,516.884,0,0,-2.74159
2403.33,-900.074,804.182,0,0,1.25841
2403.33,-900.074,804.182,0,0,1.25841
2450.39,-1098.23,413.89,0,0,0.258407
2450.39,-1098.23,413.89,0,0,0.258407
2437.82,-1202.45,188.776,0,0,0.0584073
2437.82,-1202.45,188.776,0,0,0.0584073
2457.35,-1316.6,201.168,0,0,-0.341593
2457.35,-1316.6,201.168,0,0,-0.341593
2520.78,-1387.95,212.455,0,0,1.05841
2520.78,-1387.95,212.455,0,0,1.05841
2625.51,-1426.58,219.127,0,0,2.85841
2625.51,-1426.58,219.127,0,0,2.85841
2741.38,-1465.96,222.102,0,0,1.05841
2741.38,-1465.96,222.102,0,0,1.05841
2856.71,-1513.53,223.065,0,0,1.25841
2856.71,-1513.53,223.065,0,0,1.25841
2942.4,-1541.84,203.986,0,0,1.25841
2942.4,-1541.84,203.986,0,0,1.25841
3236.1,-1375.58,198.58,0,0,2.45841
3236.1,-1375.58,198.58,0,0,2.45841
2978.54,-1769.74,196.845,0,0,2.85841
2978.54,-1769.74,196.845,0,0,2.85841
2930.58,-1987.94,111.49,0,0,0.0584073
2930.58,-1987.94,111.49,0,0,0.0584073
2773.39,-2086.7,32.2346,0,0,1.05841
2773.39,-2086.7,32.2346,0,0,1.05841
2812.7,-2482.95,38.7913,0,0,2.25841
2812.7,-2482.95,38.7913,0,0,2.25841
2911.52,-2448.22,-274.936,0,0,-2.14159
2911.52,-2448.22,-274.936,0,0,-2.14159
3045.55,-2259.98,-280.475,0,0,-1.54159
3045.55,-2259.98,-280.475,0,0,-1.54159
3245.66,-2176.51,-395.823,0,0,-2.14159
3245.66,-2176.51,-395.823,0,0,-2.14159
3225.71,-2268.58,-402.942,0,0,-2.14159
3225.71,-2268.58,-402.942,0,0,-2.14159
3391.07,-2329.32,-374.319,0,0,-2.54159
3391.07,-2329.32,-374.319,0,0,-2.54159
3485.6,-2383.79,-335.091,0,0,-2.94159
3485.6,-2383.79,-335.091,0,0,-2.94159
3552.53,-2356.81,-324.993,0,0,-2.34159
3552.53,-2356.81,-324.993,0,0,-2.34159
3525.22,-2384.13,-133.183,0,0,-1.94159
3525.22,-2384.13,-133.183,0,0,-1.94159
3626.56,-2288.27,-318.004,0,0,0.258407
3626.56,-2288.27,-318.004,0,0,0.258407
3696.45,-2206.17,-283.126,0,0,-2.34159
3696.45,-2206.17,-283.126,0,0,-2.34159
3794.6,-2145.85,-288.224,0,0,-1.54159
3794.6,-2145.85,-288.224,0,0,-1.54159
3875.3,-2035.01,-266.507,0,0,-2.14159
3875.3,-2035.01,-266.507,0,0,-2.14159
4004.59,-1997.69,-326.138,0,0,1.05841
4004.59,-1997.69,-326.138,0,0,1.05841
4123.3,-2014.39,-182.959,0,0,-1.14159
4123.3,-2014.39,-182.959,0,0,-1.14159
4088.56,-1930.94,-97.3965,0,0,-1.14159
4088.56,-1930.94,-97.3965,0,0,-1.14159
4060.44,-1837.6,-20.6705,0,0,-0.541593
4060.44,-1837.6,-20.6705,0,0,-0.541593
4078.66,-1784.69,49.9672,0,0,-1.54159
4078.66,-1784.69,49.9672,0,0,-1.54159
4096.11,-1706.93,108.187,0,0,-1.14159
4096.11,-1706.93,108.187,0,0,-1.14159
4117.49,-1628.35,163.389,0,0,0.658407
4117.49,-1628.35,163.389,0,0,0.658407
4191.59,-1472.07,225.541,0,0,-0.941593
4191.59,-1472.07,225.541,0,0,-0.941593
4308.83,-1318.27,283.521,0,0,-2.14159
4308.83,-1318.27,283.521,0,0,-2.14159
4381.82,-1260.08,485.717,0,0,-0.341593
4381.82,-1260.08,485.717,0,0,-0.341593
4244.47,-1039.95,532.113,0,0,-0.341593
4244.47,-1039.95,532.113,0,0,-0.341593
3974.19,-757.387,510.915,0,0,-0.741593
3974.19,-757.387,510.915,0,0,-0.741593
3910.78,-573.427,510.194,0,0,-2.54159
3910.78,-573.427,510.194,0,0,-2.54159
3839.31,-402.669,524.931,0,0,-2.34159
3839.31,-402.669,524.931,0,0,-2.34159
3771.7,-298.72,559.05,0,0,2.85841
3771.7,-298.72,559.05,0,0,2.85841
3703.04,-187.326,612.412,0,0,1.05841
3703.04,-187.326,612.412,0,0,1.05841
3643.55,-81.8162,677.64,0,0,1.05841
3643.55,-81.8162,677.64,0,0,1.05841
3590.17,8.67445,753.48,0,0,-0.141593
3590.17,8.67445,753.48,0,0,-0.141593
3483.02,43.0114,759.866,0,0,-0.141593
3483.02,43.0114,759.866,0,0,-0.141593
3371.43,52.427,781.656,0,0,-0.741593
3371.43,52.427,781.656,0,0,-0.741593
3249.61,39.9136,819.362,0,0,2.25841
3249.61,39.9136,819.362,0,0,2.25841
3117.88,10.55,876.827,0,0,1.65841
3117.88,10.55,876.827,0,0,1.65841
2997.26,-35.5552,946.038,0,0,-1.34159
2997.26,-35.5552,946.038,0,0,-1.34159
3010.06,116.239,878.946,0,0,-1.34159
3010.06,116.239,878.946,0,0,-1.34159
2948.78,213.829,830.059,0,0,-1.14159
2948.78,213.829,830.059,0,0,-1.14159
2859.61,308.623,795.573,0,0,3.14159
2859.61,308.623,795.573,0,0,3.14159
2771.98,410.837,813.363,0,0,-2.14159
2771.98,410.837,813.363,0,0,-2.14159
2735.82,581.932,729.51,0,0,-2.94159
2735.82,581.932,729.51,0,0,-2.94159
2669.52,757.287,636.993,0,0,1.25841
2669.52,757.287,636.993,0,0,1.25841
2585.38,910.987,603.957,0,0,-2.54159
2585.38,910.987,603.957,0,0,-2.54159
2604.07,1005.85,689.61,0,0,-0.941593
2604.07,1005.85,689.61,0,0,-0.941593
2669.73,994.217,774.678,0,0,2.85841
2669.73,994.217,774.678,0,0,2.85841
2719.11,989.136,835.722,0,0,3.14159
2719.11,989.136,835.722,0,0,3.14159
2727.86,994.595,868.465,0,0,1.45841
2727.86,994.595,868.465,0,0,1.45841
2673.69,1153.25,888.275,0,0,-1.14159
2673.69,1153.25,888.275,0,0,-1.14159
2562.82,1316.66,894.475,0,0,-1.14159
2562.82,1316.66,894.475,0,0,-1.14159
2562.92,1468.13,978.453,0,0,-2.34159
2562.92,1468.13,978.453,0,0,-2.34159
2782.01,1523.98,965.189,0,0,2.25841
2782.01,1523.98,965.189,0,0,2.25841
2820.39,1601.94,948.721,0,0,-1.34159
2820.39,1601.94,948.721,0,0,-1.34159
2866.56,1699.71,948.349,0,0,-1.54159
2866.56,1699.71,948.349,0,0,-1.54159
2761.62,1764.18,1016.73,0,0,0.0584073
2761.62,1764.18,1016.73,0,0,0.0584073
2944.34,1815.45,951.926,0,0,2.45841
2944.34,1815.45,951.926,0,0,2.45841
2993.25,1928.64,965.554,0,0,-2.14159
2993.25,1928.64,965.554,0,0,-2.14159
3047.44,2024.01,1000.49,0,0,0.858407
3047.44,2024.01,1000.49,0,0,0.858407
2973.65,2082.17,1035.13,0,0,0.0584073
2973.65,2082.17,1035.13,0,0,0.0584073
2884.17,2117.9,1053.19,0,0,0.658407
2884.17,2117.9,1053.19,0,0,0.658407
2789.74,2121.41,1051.93,0,0,-0.941593
2789.74,2121.41,1051.93,0,0,-0.941593
2797.79,2207.44,1043.82,0,0,-0.141593
2797.79,2207.44,1043.82,0,0,-0.141593
2805.85,2275.48,1090.68,0,0,-0.941593
2805.85,2275.48,1090.68,0,0,-0.941593
2813.44,2358.2,1173.16,0,0,2.25841
2813.44,2358.2,1173.16,0,0,2.25841
2832.16,2453.13,1253.01,0,0,-0.941593
2832.16,2453.13,1253.01,0,0,-0.941593
2852.15,2556.13,1325.05,0,0,1.85841
2852.15,2556.13,1325.05,0,0,1.85841
2948.75,2705.5,1396.24,0,0,-1.94159
2948.75,2705.5,1396.24,0,0,-1.94159
3019.38,2813.37,1492,0,0,-2.14159
3019.38,2813.37,1492,0,0,-2.14159
3051.79,2890.15,1586.55,0,0,2.45841
3051.79,2890.15,1586.55,0,0,2.45841
3116.51,3166.84,1765.27,0,0,-1.34159
3116.51,3166.84,1765.27,0,0,-1.34159
3172.4,3310.65,1822.63,0,0,-0.341593
3172.4,3310.65,1822.63,0,0,-0.341593
3037.34,3174.44,1837.49,0,0,1.45841
3037.34,3174.44,1837.49,0,0,1.45841
2880.02,2903.62,1709.34,0,0,1.65841
2880.02,2903.62,1709.34,0,0,1.65841
2751.54,2850.87,1637.44,0,0,0.458407
2751.54,2850.87,1637.44,0,0,0.458407
2635.78,2802.13,1585.15,0,0,0.458407
2635.78,2802.13,1585.15,0,0,0.458407
2540.22,2771.38,1550.96,0,0,0.658407
2540.22,2771.38,1550.96,0,0,0.658407
2463.61,2763.31,1530.51,0,0,1.85841
2463.61,2763.31,1530.51,0,0,1.85841
2400,2774.39,1518.79,0,0,1.05841
2400,2774.39,1518.79,0,0,1.05841
2343.48,2798.32,1512.44,0,0,1.85841
2343.48,2798.32,1512.44,0,0,1.85841
2290.66,2830.13,1510.19,0,0,0.0584073
2290.66,2830.13,1510.19,0,0,0.0584073
2238.5,2843.68,1541.26,0,0,1.05841
2238.5,2843.68,1541.26,0,0,1.05841
2188.3,2859.99,1578.31,0,0,0.658407
2188.3,2859.99,1578.31,0,0,0.658407
2139.31,2877.3,1621.02,0,0,3.14159
2139.31,2877.3,1621.02,0,0,3.14159
2075.91,2903.37,1668.41,0,0,-0.941593
2075.91,2903.37,1668.41,0,0,-0.941593
2017.12,2927.24,1716.59,0,0,1.85841
2017.12,2927.24,1716.59,0,0,1.85841
1966.76,2947.64,1764.55,0,0,1.65841
1966.76,2947.64,1764.55,0,0,1.65841
1927.12,2964.4,1812.34,0,0,1.45841
1927.12,2964.4,1812.34,0,0,1.45841
1898.7,2977.12,1858.1,0,0,0.258407
1898.7,2977.12,1858.1,0,0,0.258407
1836.86,3004.62,1815.89,0,0,1.25841
1836.86,3004.62,1815.89,0,0,1.25841
1777.34,3033.88,1771.16,0,0,-0.541593
1777.34,3033.88,1771.16,0,0,-0.541593
1722.84,3066.95,1722.37,0,0,-1.74159
1722.84,3066.95,1722.37,0,0,-1.74159
1651.79,3186.11,1621.07,0,0,-1.14159
1651.79,3186.11,1621.07,0,0,-1.14159
1592.41,3303.69,1516.48,0,0,0.258407
1592.41,3303.69,1516.48,0,0,0.258407
1493.27,3241.5,1657,0,0,0.658407
1493.27,3241.5,1657,0,0,0.658407
1392.06,3150.14,1741.38,0,0,-1.94159
1392.06,3150.14,1741.38,0,0,-1.94159
1465.52,2990.37,1757.73,0,0,2.45841
1465.52,2990.37,1757.73,0,0,2.45841
1517.48,2844.59,1738.86,0,0,1.85841
1517.48,2844.59,1738.86,0,0,1.85841
1528.92,2741.57,1716.54,0,0,0.858407
1528.92,2741.57,1716.54,0,0,0.858407
1506.89,2661.18,1699.22,0,0,2.45841
1506.89,2661.18,1699.22,0,0,2.45841
1470.16,2580.79,1679.89,0,0,2.45841
1470.16,2580.79,1679.89,0,0,2.45841
1241.3,2224.27,1807.16,0,0,2.45841
1241.3,2224.27,1807.16,0,0,2.45841
1473.29,2344.83,1550.55,0,0,2.25841
1473.29,2344.83,1550.55,0,0,2.25841
1528.72,2191.19,1444.27,0,0,0.458407
1528.72,2191.19,1444.27,0,0,0.458407
1608.23,2024.98,1341.74,0,0,2.65841
1608.23,2024.98,1341.74,0,0,2.65841
1364.42,1883.06,1277.59,0,0,-0.141593
1364.42,1883.06,1277.59,0,0,-0.141593
1483.15,1740.53,1249.87,0,0,2.65841
1483.15,1740.53,1249.87,0,0,2.65841
1358.94,1559.44,1237.71,0,0,1.25841
1358.94,1559.44,1237.71,0,0,1.25841
1263.87,1484.13,1128.59,0,0,-1.54159
1263.87,1484.13,1128.59,0,0,-1.54159
1046.98,1122.63,1064.25,0,0,1.45841
1046.98,1122.63,1064.25,0,0,1.45841
1000,1000,1000,0,0,0
